{
  "project_info": {
    "project_number": "722067031004",
    "firebase_url": "https://isthara-c699f.firebaseio.com",
    "project_id": "isthara-c699f",
    "storage_bucket": "isthara-c699f.appspot.com"
  },
  "client": [
    {
      "client_info": {
        "mobilesdk_app_id": "1:722067031004:android:8d49a603ef5faab7",
        "android_client_info": {
          "package_name": "com.habeeb.isthara"
        }
      },
      "oauth_client": [
        {
          "client_id": "722067031004-2dcosnl351lltpvsm1lbkbblj90sf31q.apps.googleusercontent.com",
          "client_type": 1,
          "android_info": {
            "package_name": "com.habeeb.isthara",
            "certificate_hash": "06e119d11749396152a99ac740a9392af5865b99"
          }
        },
        {
          "client_id": "722067031004-9c1rnkk16ho7p2vemucv0tubgc2ig2p8.apps.googleusercontent.com",
          "client_type": 3
        }
      ],
      "api_key": [
        {
          "current_key": "AIzaSyBlx_GvyO90GzxmxwR0dE9n_COfxZOBZ6s"
        }
      ],
      "services": {
        "analytics_service": {
          "status": 1
        },
        "appinvite_service": {
          "status": 2,
          "other_platform_oauth_client": [
            {
              "client_id": "722067031004-9c1rnkk16ho7p2vemucv0tubgc2ig2p8.apps.googleusercontent.com",
              "client_type": 3
            }
          ]
        },
        "ads_service": {
          "status": 2
        }
      }
    }
  ],
  "configuration_version": "1"
}